Zeit,Datum,Platform,Depot-Nr.,K�ufer,Anschrift-K�ufer,Stadt,Wertpapier Name,Anzahl,Wert,Preis
12:41 Uhr,08.08.2020,Xetra,260920069,Reiner Zufall,Zufallsweg 3,92847 Zufallsort,Exxon Mobil Corporation (XOM),9,141.90 EURO,1277.10 EURO
12:41 Uhr,08.08.2020,Xetra,260920069,Reiner Zufall,Zufallsweg 3,92847 Zufallsort,Chevron Corporation (CVX),6,89.80 EURO,538.80 EURO
12:41 Uhr,08.08.2020,Xetra,260920069,Reiner Zufall,Zufallsweg 3,92847 Zufallsort,"The Goldman Sachs Group, Inc. (GS)",6,89.90 EURO,539.40 EURO
12:41 Uhr,08.08.2020,Xetra,260920069,Reiner Zufall,Zufallsweg 3,92847 Zufallsort,Morgan Stanley (MS),2,33.90 EURO,67.80 EURO
12:41 Uhr,08.08.2020,Xetra,260920069,Reiner Zufall,Zufallsweg 3,92847 Zufallsort,"Netflix, Inc. (NFLX)",11,41.30 EURO,454.30 EURO
12:41 Uhr,08.08.2020,Xetra,260920069,Reiner Zufall,Zufallsweg 3,92847 Zufallsort,Adobe Inc. (ADBE),8,138.10 EURO,1104.80 EURO
12:41 Uhr,08.08.2020,Xetra,260920069,Reiner Zufall,Zufallsweg 3,92847 Zufallsort,"Salesforce.com, Inc. (CRM)",6,111.20 EURO,667.20 EURO
