Zeit,Datum,Platform,Depot-Nr.,K�ufer,Anschrift-K�ufer,Stadt,Wertpapier Name,Anzahl,Wert,Preis
13:36 Uhr,31.05.2020,Xetra,976288705,Reiner Zufall,Zufallsweg 3,92847 Zufallsort,"Salesforce.com, Inc. (CRM)",9,145.20 EURO,1306.80 EURO
13:36 Uhr,31.05.2020,Xetra,976288705,Reiner Zufall,Zufallsweg 3,92847 Zufallsort,Alphabet Inc. (GOOGL),10,48.20 EURO,482.00 EURO
13:36 Uhr,31.05.2020,Xetra,976288705,Reiner Zufall,Zufallsweg 3,92847 Zufallsort,"Facebook, Inc. (FB)",7,50.00 EURO,350.00 EURO
13:36 Uhr,31.05.2020,Xetra,976288705,Reiner Zufall,Zufallsweg 3,92847 Zufallsort,Amazon.com Inc. (AMZN),9,46.30 EURO,416.70 EURO
13:36 Uhr,31.05.2020,Xetra,976288705,Reiner Zufall,Zufallsweg 3,92847 Zufallsort,"Twitter, Inc. (TWTR)",8,130.60 EURO,1044.80 EURO
13:36 Uhr,31.05.2020,Xetra,976288705,Reiner Zufall,Zufallsweg 3,92847 Zufallsort,Snap Inc. (SNAP),4,62.20 EURO,248.80 EURO
13:36 Uhr,31.05.2020,Xetra,976288705,Reiner Zufall,Zufallsweg 3,92847 Zufallsort,"Square, Inc. (SQ)",8,90.00 EURO,720.00 EURO
13:36 Uhr,31.05.2020,Xetra,976288705,Reiner Zufall,Zufallsweg 3,92847 Zufallsort,"PayPal Holdings, Inc. (PYPL)",3,89.30 EURO,267.90 EURO
