Zeit,Datum,Platform,Depot-Nr.,K�ufer,Anschrift-K�ufer,Stadt,Wertpapier Name,Anzahl,Wert,Preis
16:24 Uhr,25.12.2020,Xetra,747011399,Reiner Zufall,Zufallsweg 3,92847 Zufallsort,McDonald's Corporation (MCD),9,68.60 EURO,617.40 EURO
16:24 Uhr,25.12.2020,Xetra,747011399,Reiner Zufall,Zufallsweg 3,92847 Zufallsort,Johnson & Johnson (JNJ),8,138.70 EURO,1109.60 EURO
16:24 Uhr,25.12.2020,Xetra,747011399,Reiner Zufall,Zufallsweg 3,92847 Zufallsort,Visa Inc. (V),5,43.70 EURO,218.50 EURO
16:24 Uhr,25.12.2020,Xetra,747011399,Reiner Zufall,Zufallsweg 3,92847 Zufallsort,Procter & Gamble Company (PG),5,75.30 EURO,376.50 EURO
16:24 Uhr,25.12.2020,Xetra,747011399,Reiner Zufall,Zufallsweg 3,92847 Zufallsort,Walmart Inc. (WMT),2,100.40 EURO,200.80 EURO
16:24 Uhr,25.12.2020,Xetra,747011399,Reiner Zufall,Zufallsweg 3,92847 Zufallsort,Mastercard Incorporated (MA),4,94.80 EURO,379.20 EURO
16:24 Uhr,25.12.2020,Xetra,747011399,Reiner Zufall,Zufallsweg 3,92847 Zufallsort,Intel Corporation (INTC),2,138.90 EURO,277.80 EURO
16:24 Uhr,25.12.2020,Xetra,747011399,Reiner Zufall,Zufallsweg 3,92847 Zufallsort,"Cisco Systems, Inc. (CSCO)",9,141.50 EURO,1273.50 EURO
16:24 Uhr,25.12.2020,Xetra,747011399,Reiner Zufall,Zufallsweg 3,92847 Zufallsort,"Home Depot, Inc. (HD)",2,31.00 EURO,62.00 EURO
