Zeit,Datum,Platform,Depot-Nr.,K�ufer,Anschrift-K�ufer,Stadt,Wertpapier Name,Anzahl,Wert,Preis
16:43 Uhr,19.05.2020,Xetra,122278953,Reiner Zufall,Zufallsweg 3,92847 Zufallsort,Intel Corporation (INTC),5,128.50 EURO,642.50 EURO
16:43 Uhr,19.05.2020,Xetra,122278953,Reiner Zufall,Zufallsweg 3,92847 Zufallsort,"Cisco Systems, Inc. (CSCO)",9,33.40 EURO,300.60 EURO
16:43 Uhr,19.05.2020,Xetra,122278953,Reiner Zufall,Zufallsweg 3,92847 Zufallsort,"Home Depot, Inc. (HD)",6,32.90 EURO,197.40 EURO
16:43 Uhr,19.05.2020,Xetra,122278953,Reiner Zufall,Zufallsweg 3,92847 Zufallsort,Verizon Communications Inc. (VZ),3,123.00 EURO,369.00 EURO
16:43 Uhr,19.05.2020,Xetra,122278953,Reiner Zufall,Zufallsweg 3,92847 Zufallsort,AT&T Inc. (T),7,62.50 EURO,437.50 EURO
16:43 Uhr,19.05.2020,Xetra,122278953,Reiner Zufall,Zufallsweg 3,92847 Zufallsort,Bank of America Corporation (BAC),11,42.00 EURO,462.00 EURO
