Zeit,Datum,Platform,Depot-Nr.,K�ufer,Anschrift-K�ufer,Stadt,Wertpapier Name,Anzahl,Wert,Preis
10:08 Uhr,11.01.2020,Xetra,198661668,Reiner Zufall,Zufallsweg 3,92847 Zufallsort,eBay Inc. (EBAY),7,57.70 EURO,403.90 EURO
10:08 Uhr,11.01.2020,Xetra,198661668,Reiner Zufall,Zufallsweg 3,92847 Zufallsort,Ford Motor Company (F),12,79.00 EURO,948.00 EURO
10:08 Uhr,11.01.2020,Xetra,198661668,Reiner Zufall,Zufallsweg 3,92847 Zufallsort,General Motors Company (GM),8,89.30 EURO,714.40 EURO
10:08 Uhr,11.01.2020,Xetra,198661668,Reiner Zufall,Zufallsweg 3,92847 Zufallsort,"Tesla, Inc. (TSLA)",10,80.20 EURO,802.00 EURO
10:08 Uhr,11.01.2020,Xetra,198661668,Reiner Zufall,Zufallsweg 3,92847 Zufallsort,NVIDIA Corporation (NVDA),8,66.40 EURO,531.20 EURO
10:08 Uhr,11.01.2020,Xetra,198661668,Reiner Zufall,Zufallsweg 3,92847 Zufallsort,"Advanced Micro Devices, Inc. (AMD)",3,148.00 EURO,444.00 EURO
10:08 Uhr,11.01.2020,Xetra,198661668,Reiner Zufall,Zufallsweg 3,92847 Zufallsort,The Boeing Company (BA),5,86.50 EURO,432.50 EURO
10:08 Uhr,11.01.2020,Xetra,198661668,Reiner Zufall,Zufallsweg 3,92847 Zufallsort,Lockheed Martin Corporation (LMT),10,59.60 EURO,596.00 EURO
10:08 Uhr,11.01.2020,Xetra,198661668,Reiner Zufall,Zufallsweg 3,92847 Zufallsort,Raytheon Technologies Corp. (RTX),3,129.50 EURO,388.50 EURO
