Zeit,Datum,Platform,Depot-Nr.,K�ufer,Anschrift-K�ufer,Stadt,Wertpapier Name,Anzahl,Wert,Preis
13:36 Uhr,24.12.2020,Xetra,869433654,Reiner Zufall,Zufallsweg 3,92847 Zufallsort,"Advanced Micro Devices, Inc. (AMD)",2,52.40 EURO,104.80 EURO
13:36 Uhr,24.12.2020,Xetra,869433654,Reiner Zufall,Zufallsweg 3,92847 Zufallsort,The Boeing Company (BA),4,122.60 EURO,490.40 EURO
13:36 Uhr,24.12.2020,Xetra,869433654,Reiner Zufall,Zufallsweg 3,92847 Zufallsort,Lockheed Martin Corporation (LMT),10,109.60 EURO,1096.00 EURO
13:36 Uhr,24.12.2020,Xetra,869433654,Reiner Zufall,Zufallsweg 3,92847 Zufallsort,Raytheon Technologies Corp. (RTX),5,52.80 EURO,264.00 EURO
13:36 Uhr,24.12.2020,Xetra,869433654,Reiner Zufall,Zufallsweg 3,92847 Zufallsort,Intel Corporation (INTC),6,136.50 EURO,819.00 EURO
13:36 Uhr,24.12.2020,Xetra,869433654,Reiner Zufall,Zufallsweg 3,92847 Zufallsort,"Advanced Micro Devices, Inc. (AMD)",3,40.70 EURO,122.10 EURO
13:36 Uhr,24.12.2020,Xetra,869433654,Reiner Zufall,Zufallsweg 3,92847 Zufallsort,"Applied Materials, Inc. (AMAT)",4,112.40 EURO,449.60 EURO
13:36 Uhr,24.12.2020,Xetra,869433654,Reiner Zufall,Zufallsweg 3,92847 Zufallsort,"Micron Technology, Inc. (MU)",2,141.80 EURO,283.60 EURO
13:36 Uhr,24.12.2020,Xetra,869433654,Reiner Zufall,Zufallsweg 3,92847 Zufallsort,QUALCOMM Incorporated (QCOM),11,96.70 EURO,1063.70 EURO
