Zeit,Datum,Platform,Depot-Nr.,K�ufer,Anschrift-K�ufer,Stadt,Wertpapier Name,Anzahl,Wert,Preis
15:12 Uhr,15.07.2020,Xetra,790223652,Reiner Zufall,Zufallsweg 3,92847 Zufallsort,JPMorgan Chase & Co. (JPM),7,33.90 EURO,237.30 EURO
15:12 Uhr,15.07.2020,Xetra,790223652,Reiner Zufall,Zufallsweg 3,92847 Zufallsort,Berkshire Hathaway Inc. (BRK.A),7,81.30 EURO,569.10 EURO
15:12 Uhr,15.07.2020,Xetra,790223652,Reiner Zufall,Zufallsweg 3,92847 Zufallsort,Exxon Mobil Corporation (XOM),12,138.80 EURO,1665.60 EURO
15:12 Uhr,15.07.2020,Xetra,790223652,Reiner Zufall,Zufallsweg 3,92847 Zufallsort,Chevron Corporation (CVX),9,55.80 EURO,502.20 EURO
15:12 Uhr,15.07.2020,Xetra,790223652,Reiner Zufall,Zufallsweg 3,92847 Zufallsort,"The Goldman Sachs Group, Inc. (GS)",3,116.40 EURO,349.20 EURO
15:12 Uhr,15.07.2020,Xetra,790223652,Reiner Zufall,Zufallsweg 3,92847 Zufallsort,Morgan Stanley (MS),7,59.30 EURO,415.10 EURO
15:12 Uhr,15.07.2020,Xetra,790223652,Reiner Zufall,Zufallsweg 3,92847 Zufallsort,"Netflix, Inc. (NFLX)",8,100.80 EURO,806.40 EURO
15:12 Uhr,15.07.2020,Xetra,790223652,Reiner Zufall,Zufallsweg 3,92847 Zufallsort,Adobe Inc. (ADBE),7,120.80 EURO,845.60 EURO
