Zeit,Datum,Platform,Depot-Nr.,K�ufer,Anschrift-K�ufer,Stadt,Wertpapier Name,Anzahl,Wert,Preis
07:54 Uhr,02.06.2020,Xetra,946095129,Reiner Zufall,Zufallsweg 3,92847 Zufallsort,Pfizer Inc. (PFE),8,61.40 EURO,491.20 EURO
07:54 Uhr,02.06.2020,Xetra,946095129,Reiner Zufall,Zufallsweg 3,92847 Zufallsort,The Walt Disney Company (DIS),11,80.10 EURO,881.10 EURO
07:54 Uhr,02.06.2020,Xetra,946095129,Reiner Zufall,Zufallsweg 3,92847 Zufallsort,Coca-Cola Company (KO),3,144.50 EURO,433.50 EURO
07:54 Uhr,02.06.2020,Xetra,946095129,Reiner Zufall,Zufallsweg 3,92847 Zufallsort,McDonald's Corporation (MCD),2,36.90 EURO,73.80 EURO
07:54 Uhr,02.06.2020,Xetra,946095129,Reiner Zufall,Zufallsweg 3,92847 Zufallsort,Johnson & Johnson (JNJ),10,135.40 EURO,1354.00 EURO
07:54 Uhr,02.06.2020,Xetra,946095129,Reiner Zufall,Zufallsweg 3,92847 Zufallsort,Visa Inc. (V),2,74.80 EURO,149.60 EURO
07:54 Uhr,02.06.2020,Xetra,946095129,Reiner Zufall,Zufallsweg 3,92847 Zufallsort,Procter & Gamble Company (PG),11,107.10 EURO,1178.10 EURO
