Zeit,Datum,Platform,Depot-Nr.,K�ufer,Anschrift-K�ufer,Stadt,Wertpapier Name,Anzahl,Wert,Preis
12:41 Uhr,14.02.2020,Xetra,641635276,Reiner Zufall,Zufallsweg 3,92847 Zufallsort,Intel Corporation (INTC),2,66.20 EURO,132.40 EURO
12:41 Uhr,14.02.2020,Xetra,641635276,Reiner Zufall,Zufallsweg 3,92847 Zufallsort,"Advanced Micro Devices, Inc. (AMD)",6,41.60 EURO,249.60 EURO
12:41 Uhr,14.02.2020,Xetra,641635276,Reiner Zufall,Zufallsweg 3,92847 Zufallsort,"Applied Materials, Inc. (AMAT)",2,88.00 EURO,176.00 EURO
12:41 Uhr,14.02.2020,Xetra,641635276,Reiner Zufall,Zufallsweg 3,92847 Zufallsort,"Micron Technology, Inc. (MU)",8,141.70 EURO,1133.60 EURO
12:41 Uhr,14.02.2020,Xetra,641635276,Reiner Zufall,Zufallsweg 3,92847 Zufallsort,QUALCOMM Incorporated (QCOM),10,138.70 EURO,1387.00 EURO
12:41 Uhr,14.02.2020,Xetra,641635276,Reiner Zufall,Zufallsweg 3,92847 Zufallsort,Broadcom Inc. (AVGO),7,135.40 EURO,947.80 EURO
12:41 Uhr,14.02.2020,Xetra,641635276,Reiner Zufall,Zufallsweg 3,92847 Zufallsort,Texas Instruments Incorporated (TXN),3,69.80 EURO,209.40 EURO
12:41 Uhr,14.02.2020,Xetra,641635276,Reiner Zufall,Zufallsweg 3,92847 Zufallsort,Oracle Corporation (ORCL),10,128.90 EURO,1289.00 EURO
12:41 Uhr,14.02.2020,Xetra,641635276,Reiner Zufall,Zufallsweg 3,92847 Zufallsort,Int. Business Machines Corp. (IBM),5,54.20 EURO,271.00 EURO
12:41 Uhr,14.02.2020,Xetra,641635276,Reiner Zufall,Zufallsweg 3,92847 Zufallsort,Caterpillar Inc. (CAT),3,145.40 EURO,436.20 EURO
12:41 Uhr,14.02.2020,Xetra,641635276,Reiner Zufall,Zufallsweg 3,92847 Zufallsort,,12,82.70 EURO,992.40 EURO
12:41 Uhr,14.02.2020,Xetra,641635276,Reiner Zufall,Zufallsweg 3,92847 Zufallsort,,7,147.40 EURO,1031.80 EURO
