Zeit,Datum,Platform,Depot-Nr.,K�ufer,Anschrift-K�ufer,Stadt,Wertpapier Name,Anzahl,Wert,Preis
10:39 Uhr,16.11.2020,Xetra,358208904,Reiner Zufall,Zufallsweg 3,92847 Zufallsort,Intel Corporation (INTC),8,115.30 EURO,922.40 EURO
10:39 Uhr,16.11.2020,Xetra,358208904,Reiner Zufall,Zufallsweg 3,92847 Zufallsort,"Advanced Micro Devices, Inc. (AMD)",9,98.00 EURO,882.00 EURO
10:39 Uhr,16.11.2020,Xetra,358208904,Reiner Zufall,Zufallsweg 3,92847 Zufallsort,"Applied Materials, Inc. (AMAT)",7,76.30 EURO,534.10 EURO
10:39 Uhr,16.11.2020,Xetra,358208904,Reiner Zufall,Zufallsweg 3,92847 Zufallsort,"Micron Technology, Inc. (MU)",4,39.20 EURO,156.80 EURO
10:39 Uhr,16.11.2020,Xetra,358208904,Reiner Zufall,Zufallsweg 3,92847 Zufallsort,QUALCOMM Incorporated (QCOM),9,50.20 EURO,451.80 EURO
10:39 Uhr,16.11.2020,Xetra,358208904,Reiner Zufall,Zufallsweg 3,92847 Zufallsort,Broadcom Inc. (AVGO),6,48.70 EURO,292.20 EURO
10:39 Uhr,16.11.2020,Xetra,358208904,Reiner Zufall,Zufallsweg 3,92847 Zufallsort,Texas Instruments Incorporated (TXN),6,39.20 EURO,235.20 EURO
10:39 Uhr,16.11.2020,Xetra,358208904,Reiner Zufall,Zufallsweg 3,92847 Zufallsort,Oracle Corporation (ORCL),2,109.10 EURO,218.20 EURO
10:39 Uhr,16.11.2020,Xetra,358208904,Reiner Zufall,Zufallsweg 3,92847 Zufallsort,Int. Business Machines Corp. (IBM),4,66.00 EURO,264.00 EURO
10:39 Uhr,16.11.2020,Xetra,358208904,Reiner Zufall,Zufallsweg 3,92847 Zufallsort,Caterpillar Inc. (CAT),2,95.20 EURO,190.40 EURO
