Zeit,Datum,Platform,Depot-Nr.,K�ufer,Anschrift-K�ufer,Stadt,Wertpapier Name,Anzahl,Wert,Preis
09:00 Uhr,17.09.2020,Xetra,186914241,Reiner Zufall,Zufallsweg 3,92847 Zufallsort,Pfizer Inc. (PFE),7,144.80 EURO,1013.60 EURO
09:00 Uhr,17.09.2020,Xetra,186914241,Reiner Zufall,Zufallsweg 3,92847 Zufallsort,The Walt Disney Company (DIS),7,83.60 EURO,585.20 EURO
09:00 Uhr,17.09.2020,Xetra,186914241,Reiner Zufall,Zufallsweg 3,92847 Zufallsort,Coca-Cola Company (KO),9,86.70 EURO,780.30 EURO
09:00 Uhr,17.09.2020,Xetra,186914241,Reiner Zufall,Zufallsweg 3,92847 Zufallsort,McDonald's Corporation (MCD),9,127.80 EURO,1150.20 EURO
09:00 Uhr,17.09.2020,Xetra,186914241,Reiner Zufall,Zufallsweg 3,92847 Zufallsort,Johnson & Johnson (JNJ),11,46.10 EURO,507.10 EURO
09:00 Uhr,17.09.2020,Xetra,186914241,Reiner Zufall,Zufallsweg 3,92847 Zufallsort,Visa Inc. (V),3,67.90 EURO,203.70 EURO
09:00 Uhr,17.09.2020,Xetra,186914241,Reiner Zufall,Zufallsweg 3,92847 Zufallsort,Procter & Gamble Company (PG),2,80.50 EURO,161.00 EURO
