Zeit,Datum,Platform,Depot-Nr.,K�ufer,Anschrift-K�ufer,Stadt,Wertpapier Name,Anzahl,Wert,Preis
09:19 Uhr,10.03.2020,Xetra,974013829,Reiner Zufall,Zufallsweg 3,92847 Zufallsort,eBay Inc. (EBAY),9,52.50 EURO,472.50 EURO
09:19 Uhr,10.03.2020,Xetra,974013829,Reiner Zufall,Zufallsweg 3,92847 Zufallsort,Ford Motor Company (F),9,54.00 EURO,486.00 EURO
09:19 Uhr,10.03.2020,Xetra,974013829,Reiner Zufall,Zufallsweg 3,92847 Zufallsort,General Motors Company (GM),10,130.80 EURO,1308.00 EURO
09:19 Uhr,10.03.2020,Xetra,974013829,Reiner Zufall,Zufallsweg 3,92847 Zufallsort,"Tesla, Inc. (TSLA)",12,56.30 EURO,675.60 EURO
09:19 Uhr,10.03.2020,Xetra,974013829,Reiner Zufall,Zufallsweg 3,92847 Zufallsort,NVIDIA Corporation (NVDA),9,145.20 EURO,1306.80 EURO
09:19 Uhr,10.03.2020,Xetra,974013829,Reiner Zufall,Zufallsweg 3,92847 Zufallsort,"Advanced Micro Devices, Inc. (AMD)",4,117.70 EURO,470.80 EURO
09:19 Uhr,10.03.2020,Xetra,974013829,Reiner Zufall,Zufallsweg 3,92847 Zufallsort,The Boeing Company (BA),7,82.80 EURO,579.60 EURO
09:19 Uhr,10.03.2020,Xetra,974013829,Reiner Zufall,Zufallsweg 3,92847 Zufallsort,Lockheed Martin Corporation (LMT),7,78.10 EURO,546.70 EURO
09:19 Uhr,10.03.2020,Xetra,974013829,Reiner Zufall,Zufallsweg 3,92847 Zufallsort,Raytheon Technologies Corp. (RTX),3,121.20 EURO,363.60 EURO
