Zeit,Datum,Platform,Depot-Nr.,K�ufer,Anschrift-K�ufer,Stadt,Wertpapier Name,Anzahl,Wert,Preis
08:01 Uhr,06.07.2020,Xetra,734428421,Reiner Zufall,Zufallsweg 3,92847 Zufallsort,"Advanced Micro Devices, Inc. (AMD)",8,97.90 EURO,783.20 EURO
08:01 Uhr,06.07.2020,Xetra,734428421,Reiner Zufall,Zufallsweg 3,92847 Zufallsort,The Boeing Company (BA),4,108.80 EURO,435.20 EURO
08:01 Uhr,06.07.2020,Xetra,734428421,Reiner Zufall,Zufallsweg 3,92847 Zufallsort,Lockheed Martin Corporation (LMT),3,111.90 EURO,335.70 EURO
08:01 Uhr,06.07.2020,Xetra,734428421,Reiner Zufall,Zufallsweg 3,92847 Zufallsort,Raytheon Technologies Corp. (RTX),7,46.90 EURO,328.30 EURO
08:01 Uhr,06.07.2020,Xetra,734428421,Reiner Zufall,Zufallsweg 3,92847 Zufallsort,Intel Corporation (INTC),8,115.40 EURO,923.20 EURO
08:01 Uhr,06.07.2020,Xetra,734428421,Reiner Zufall,Zufallsweg 3,92847 Zufallsort,"Advanced Micro Devices, Inc. (AMD)",9,115.10 EURO,1035.90 EURO
08:01 Uhr,06.07.2020,Xetra,734428421,Reiner Zufall,Zufallsweg 3,92847 Zufallsort,"Applied Materials, Inc. (AMAT)",9,68.70 EURO,618.30 EURO
08:01 Uhr,06.07.2020,Xetra,734428421,Reiner Zufall,Zufallsweg 3,92847 Zufallsort,"Micron Technology, Inc. (MU)",4,51.60 EURO,206.40 EURO
08:01 Uhr,06.07.2020,Xetra,734428421,Reiner Zufall,Zufallsweg 3,92847 Zufallsort,QUALCOMM Incorporated (QCOM),6,115.40 EURO,692.40 EURO
