Zeit,Datum,Platform,Depot-Nr.,K�ufer,Anschrift-K�ufer,Stadt,Wertpapier Name,Anzahl,Wert,Preis
12:49 Uhr,07.06.2020,Xetra,550549301,Reiner Zufall,Zufallsweg 3,92847 Zufallsort,McDonald's Corporation (MCD),12,70.80 EURO,849.60 EURO
12:49 Uhr,07.06.2020,Xetra,550549301,Reiner Zufall,Zufallsweg 3,92847 Zufallsort,Johnson & Johnson (JNJ),5,53.30 EURO,266.50 EURO
12:49 Uhr,07.06.2020,Xetra,550549301,Reiner Zufall,Zufallsweg 3,92847 Zufallsort,Visa Inc. (V),12,131.40 EURO,1576.80 EURO
12:49 Uhr,07.06.2020,Xetra,550549301,Reiner Zufall,Zufallsweg 3,92847 Zufallsort,Procter & Gamble Company (PG),12,81.80 EURO,981.60 EURO
12:49 Uhr,07.06.2020,Xetra,550549301,Reiner Zufall,Zufallsweg 3,92847 Zufallsort,Walmart Inc. (WMT),4,111.90 EURO,447.60 EURO
12:49 Uhr,07.06.2020,Xetra,550549301,Reiner Zufall,Zufallsweg 3,92847 Zufallsort,Mastercard Incorporated (MA),6,35.10 EURO,210.60 EURO
12:49 Uhr,07.06.2020,Xetra,550549301,Reiner Zufall,Zufallsweg 3,92847 Zufallsort,Intel Corporation (INTC),11,137.20 EURO,1509.20 EURO
12:49 Uhr,07.06.2020,Xetra,550549301,Reiner Zufall,Zufallsweg 3,92847 Zufallsort,"Cisco Systems, Inc. (CSCO)",7,135.20 EURO,946.40 EURO
12:49 Uhr,07.06.2020,Xetra,550549301,Reiner Zufall,Zufallsweg 3,92847 Zufallsort,"Home Depot, Inc. (HD)",4,68.70 EURO,274.80 EURO
