Zeit,Datum,Platform,Depot-Nr.,K�ufer,Anschrift-K�ufer,Stadt,Wertpapier Name,Anzahl,Wert,Preis
07:57 Uhr,08.12.2020,Xetra,122327294,Reiner Zufall,Zufallsweg 3,92847 Zufallsort,Covestro,3,95.30 EURO,285.90 EURO
07:57 Uhr,08.12.2020,Xetra,122327294,Reiner Zufall,Zufallsweg 3,92847 Zufallsort,Infineon Technologies,2,43.90 EURO,87.80 EURO
07:57 Uhr,08.12.2020,Xetra,122327294,Reiner Zufall,Zufallsweg 3,92847 Zufallsort,Daimler,11,119.50 EURO,1314.50 EURO
07:57 Uhr,08.12.2020,Xetra,122327294,Reiner Zufall,Zufallsweg 3,92847 Zufallsort,Continental,4,78.00 EURO,312.00 EURO
07:57 Uhr,08.12.2020,Xetra,122327294,Reiner Zufall,Zufallsweg 3,92847 Zufallsort,BASF,2,91.80 EURO,183.60 EURO
07:57 Uhr,08.12.2020,Xetra,122327294,Reiner Zufall,Zufallsweg 3,92847 Zufallsort,MTU Aero Engines,2,60.10 EURO,120.20 EURO
07:57 Uhr,08.12.2020,Xetra,122327294,Reiner Zufall,Zufallsweg 3,92847 Zufallsort,HeidelbergCement,12,105.70 EURO,1268.40 EURO
07:57 Uhr,08.12.2020,Xetra,122327294,Reiner Zufall,Zufallsweg 3,92847 Zufallsort,Merck KGaA,10,120.30 EURO,1203.00 EURO
07:57 Uhr,08.12.2020,Xetra,122327294,Reiner Zufall,Zufallsweg 3,92847 Zufallsort,Delivery Hero,2,83.30 EURO,166.60 EURO
07:57 Uhr,08.12.2020,Xetra,122327294,Reiner Zufall,Zufallsweg 3,92847 Zufallsort,Bayerische Motoren Werke,10,130.00 EURO,1300.00 EURO
07:57 Uhr,08.12.2020,Xetra,122327294,Reiner Zufall,Zufallsweg 3,92847 Zufallsort,Siemens,3,140.00 EURO,420.00 EURO
07:57 Uhr,08.12.2020,Xetra,122327294,Reiner Zufall,Zufallsweg 3,92847 Zufallsort,Volkswagen AG,12,134.50 EURO,1614.00 EURO
