Zeit,Datum,Platform,Depot-Nr.,K�ufer,Anschrift-K�ufer,Stadt,Wertpapier Name,Anzahl,Wert,Preis
12:07 Uhr,28.12.2020,Xetra,502893561,Reiner Zufall,Zufallsweg 3,92847 Zufallsort,Exxon Mobil Corporation (XOM),10,123.00 EURO,1230.00 EURO
12:07 Uhr,28.12.2020,Xetra,502893561,Reiner Zufall,Zufallsweg 3,92847 Zufallsort,Chevron Corporation (CVX),8,107.40 EURO,859.20 EURO
12:07 Uhr,28.12.2020,Xetra,502893561,Reiner Zufall,Zufallsweg 3,92847 Zufallsort,"The Goldman Sachs Group, Inc. (GS)",12,71.60 EURO,859.20 EURO
12:07 Uhr,28.12.2020,Xetra,502893561,Reiner Zufall,Zufallsweg 3,92847 Zufallsort,Morgan Stanley (MS),4,137.40 EURO,549.60 EURO
12:07 Uhr,28.12.2020,Xetra,502893561,Reiner Zufall,Zufallsweg 3,92847 Zufallsort,"Netflix, Inc. (NFLX)",12,56.20 EURO,674.40 EURO
12:07 Uhr,28.12.2020,Xetra,502893561,Reiner Zufall,Zufallsweg 3,92847 Zufallsort,Adobe Inc. (ADBE),5,97.10 EURO,485.50 EURO
12:07 Uhr,28.12.2020,Xetra,502893561,Reiner Zufall,Zufallsweg 3,92847 Zufallsort,"Salesforce.com, Inc. (CRM)",11,63.40 EURO,697.40 EURO
