Zeit,Datum,Platform,Depot-Nr.,K�ufer,Anschrift-K�ufer,Stadt,Wertpapier Name,Anzahl,Wert,Preis
11:20 Uhr,17.06.2020,Xetra,250664211,Reiner Zufall,Zufallsweg 3,92847 Zufallsort,"Salesforce.com, Inc. (CRM)",3,96.10 EURO,288.30 EURO
11:20 Uhr,17.06.2020,Xetra,250664211,Reiner Zufall,Zufallsweg 3,92847 Zufallsort,Alphabet Inc. (GOOGL),8,125.20 EURO,1001.60 EURO
11:20 Uhr,17.06.2020,Xetra,250664211,Reiner Zufall,Zufallsweg 3,92847 Zufallsort,"Facebook, Inc. (FB)",6,109.00 EURO,654.00 EURO
11:20 Uhr,17.06.2020,Xetra,250664211,Reiner Zufall,Zufallsweg 3,92847 Zufallsort,Amazon.com Inc. (AMZN),2,92.10 EURO,184.20 EURO
11:20 Uhr,17.06.2020,Xetra,250664211,Reiner Zufall,Zufallsweg 3,92847 Zufallsort,"Twitter, Inc. (TWTR)",8,145.20 EURO,1161.60 EURO
11:20 Uhr,17.06.2020,Xetra,250664211,Reiner Zufall,Zufallsweg 3,92847 Zufallsort,Snap Inc. (SNAP),9,41.30 EURO,371.70 EURO
11:20 Uhr,17.06.2020,Xetra,250664211,Reiner Zufall,Zufallsweg 3,92847 Zufallsort,"Square, Inc. (SQ)",3,37.80 EURO,113.40 EURO
11:20 Uhr,17.06.2020,Xetra,250664211,Reiner Zufall,Zufallsweg 3,92847 Zufallsort,"PayPal Holdings, Inc. (PYPL)",4,73.40 EURO,293.60 EURO
