Zeit,Datum,Platform,Depot-Nr.,K�ufer,Anschrift-K�ufer,Stadt,Wertpapier Name,Anzahl,Wert,Preis
08:44 Uhr,21.02.2020,Xetra,358282104,Reiner Zufall,Zufallsweg 3,92847 Zufallsort,Intel Corporation (INTC),2,147.60 EURO,295.20 EURO
08:44 Uhr,21.02.2020,Xetra,358282104,Reiner Zufall,Zufallsweg 3,92847 Zufallsort,"Cisco Systems, Inc. (CSCO)",5,123.60 EURO,618.00 EURO
08:44 Uhr,21.02.2020,Xetra,358282104,Reiner Zufall,Zufallsweg 3,92847 Zufallsort,"Home Depot, Inc. (HD)",6,76.00 EURO,456.00 EURO
08:44 Uhr,21.02.2020,Xetra,358282104,Reiner Zufall,Zufallsweg 3,92847 Zufallsort,Verizon Communications Inc. (VZ),3,138.90 EURO,416.70 EURO
08:44 Uhr,21.02.2020,Xetra,358282104,Reiner Zufall,Zufallsweg 3,92847 Zufallsort,AT&T Inc. (T),10,78.80 EURO,788.00 EURO
08:44 Uhr,21.02.2020,Xetra,358282104,Reiner Zufall,Zufallsweg 3,92847 Zufallsort,Bank of America Corporation (BAC),11,125.50 EURO,1380.50 EURO
