Zeit,Datum,Platform,Depot-Nr.,K�ufer,Anschrift-K�ufer,Stadt,Wertpapier Name,Anzahl,Wert,Preis
14:42 Uhr,06.02.2020,Xetra,713997566,Reiner Zufall,Zufallsweg 3,92847 Zufallsort,3M,7,90.70 EURO,634.90 EURO
14:42 Uhr,06.02.2020,Xetra,713997566,Reiner Zufall,Zufallsweg 3,92847 Zufallsort,Fastenal,9,91.70 EURO,825.30 EURO
14:42 Uhr,06.02.2020,Xetra,713997566,Reiner Zufall,Zufallsweg 3,92847 Zufallsort,Hercules Capital,10,91.10 EURO,911.00 EURO
14:42 Uhr,06.02.2020,Xetra,713997566,Reiner Zufall,Zufallsweg 3,92847 Zufallsort,Pembina Pipeline,8,60.60 EURO,484.80 EURO
14:42 Uhr,06.02.2020,Xetra,713997566,Reiner Zufall,Zufallsweg 3,92847 Zufallsort,Iron Mountain,6,131.80 EURO,790.80 EURO
14:42 Uhr,06.02.2020,Xetra,713997566,Reiner Zufall,Zufallsweg 3,92847 Zufallsort,British American Tobacco,11,147.70 EURO,1624.70 EURO
14:42 Uhr,06.02.2020,Xetra,713997566,Reiner Zufall,Zufallsweg 3,92847 Zufallsort,Ares Capital Corp,8,103.40 EURO,827.20 EURO
