Zeit,Datum,Platform,Depot-Nr.,K�ufer,Anschrift-K�ufer,Stadt,Wertpapier Name,Anzahl,Wert,Preis
14:30 Uhr,22.11.2020,Xetra,113574605,Reiner Zufall,Zufallsweg 3,92847 Zufallsort,Fortinet,7,66.20 EURO,463.40 EURO
14:30 Uhr,22.11.2020,Xetra,113574605,Reiner Zufall,Zufallsweg 3,92847 Zufallsort,CrowdStrike,7,126.20 EURO,883.40 EURO
14:30 Uhr,22.11.2020,Xetra,113574605,Reiner Zufall,Zufallsweg 3,92847 Zufallsort,Cadence Design Systems,3,149.20 EURO,447.60 EURO
14:30 Uhr,22.11.2020,Xetra,113574605,Reiner Zufall,Zufallsweg 3,92847 Zufallsort,Iron Mountain,11,59.90 EURO,658.90 EURO
14:30 Uhr,22.11.2020,Xetra,113574605,Reiner Zufall,Zufallsweg 3,92847 Zufallsort,Stag Industrial,6,66.70 EURO,400.20 EURO
14:30 Uhr,22.11.2020,Xetra,113574605,Reiner Zufall,Zufallsweg 3,92847 Zufallsort,Monster Beverage,10,38.60 EURO,386.00 EURO
14:30 Uhr,22.11.2020,Xetra,113574605,Reiner Zufall,Zufallsweg 3,92847 Zufallsort,Thermo Fischer Scientific,12,107.10 EURO,1285.20 EURO
14:30 Uhr,22.11.2020,Xetra,113574605,Reiner Zufall,Zufallsweg 3,92847 Zufallsort,Walmart,9,95.00 EURO,855.00 EURO
14:30 Uhr,22.11.2020,Xetra,113574605,Reiner Zufall,Zufallsweg 3,92847 Zufallsort,VeriSign,3,142.90 EURO,428.70 EURO
14:30 Uhr,22.11.2020,Xetra,113574605,Reiner Zufall,Zufallsweg 3,92847 Zufallsort,Berkshire Hathaway,6,135.80 EURO,814.80 EURO
14:30 Uhr,22.11.2020,Xetra,113574605,Reiner Zufall,Zufallsweg 3,92847 Zufallsort,Intuitive Surgical,8,104.80 EURO,838.40 EURO
