Zeit,Datum,Platform,Depot-Nr.,K�ufer,Anschrift-K�ufer,Stadt,Wertpapier Name,Anzahl,Wert,Preis
09:49 Uhr,06.05.2020,Xetra,200133279,Reiner Zufall,Zufallsweg 3,92847 Zufallsort,ConocoPhillips,12,111.60 EURO,1339.20 EURO
09:49 Uhr,06.05.2020,Xetra,200133279,Reiner Zufall,Zufallsweg 3,92847 Zufallsort,Morgan Stanley,5,61.60 EURO,308.00 EURO
09:49 Uhr,06.05.2020,Xetra,200133279,Reiner Zufall,Zufallsweg 3,92847 Zufallsort,Goldman Sachs,4,67.90 EURO,271.60 EURO
09:49 Uhr,06.05.2020,Xetra,200133279,Reiner Zufall,Zufallsweg 3,92847 Zufallsort,MSCI Inc,7,91.40 EURO,639.80 EURO
09:49 Uhr,06.05.2020,Xetra,200133279,Reiner Zufall,Zufallsweg 3,92847 Zufallsort,Broadcom,7,43.80 EURO,306.60 EURO
