Zeit,Datum,Platform,Depot-Nr.,K�ufer,Anschrift-K�ufer,Stadt,Wertpapier Name,Anzahl,Wert,Preis
16:31 Uhr,12.10.2020,Xetra,898599365,Reiner Zufall,Zufallsweg 3,92847 Zufallsort,Unilever,7,55.80 EURO,390.60 EURO
16:31 Uhr,12.10.2020,Xetra,898599365,Reiner Zufall,Zufallsweg 3,92847 Zufallsort,Microsoft,7,89.50 EURO,626.50 EURO
16:31 Uhr,12.10.2020,Xetra,898599365,Reiner Zufall,Zufallsweg 3,92847 Zufallsort,CVS Health,3,62.80 EURO,188.40 EURO
16:31 Uhr,12.10.2020,Xetra,898599365,Reiner Zufall,Zufallsweg 3,92847 Zufallsort,Mastercard,4,140.60 EURO,562.40 EURO
16:31 Uhr,12.10.2020,Xetra,898599365,Reiner Zufall,Zufallsweg 3,92847 Zufallsort,Starbucks,6,81.40 EURO,488.40 EURO
16:31 Uhr,12.10.2020,Xetra,898599365,Reiner Zufall,Zufallsweg 3,92847 Zufallsort,Altria,10,112.30 EURO,1123.00 EURO
16:31 Uhr,12.10.2020,Xetra,898599365,Reiner Zufall,Zufallsweg 3,92847 Zufallsort,Imperial Brands,4,77.80 EURO,311.20 EURO
16:31 Uhr,12.10.2020,Xetra,898599365,Reiner Zufall,Zufallsweg 3,92847 Zufallsort,Apple,11,89.00 EURO,979.00 EURO
16:31 Uhr,12.10.2020,Xetra,898599365,Reiner Zufall,Zufallsweg 3,92847 Zufallsort,AT&T,9,37.10 EURO,333.90 EURO
16:31 Uhr,12.10.2020,Xetra,898599365,Reiner Zufall,Zufallsweg 3,92847 Zufallsort,Omega Healthcare Investors,4,58.80 EURO,235.20 EURO
