Zeit,Datum,Platform,Depot-Nr.,K�ufer,Anschrift-K�ufer,Stadt,Wertpapier Name,Anzahl,Wert,Preis
08:21 Uhr,27.01.2020,Xetra,423447681,Reiner Zufall,Zufallsweg 3,92847 Zufallsort,Covestro,12,66.30 EURO,795.60 EURO
08:21 Uhr,27.01.2020,Xetra,423447681,Reiner Zufall,Zufallsweg 3,92847 Zufallsort,Infineon Technologies,7,124.20 EURO,869.40 EURO
08:21 Uhr,27.01.2020,Xetra,423447681,Reiner Zufall,Zufallsweg 3,92847 Zufallsort,Daimler,5,40.70 EURO,203.50 EURO
08:21 Uhr,27.01.2020,Xetra,423447681,Reiner Zufall,Zufallsweg 3,92847 Zufallsort,Continental,8,81.30 EURO,650.40 EURO
08:21 Uhr,27.01.2020,Xetra,423447681,Reiner Zufall,Zufallsweg 3,92847 Zufallsort,BASF,3,107.60 EURO,322.80 EURO
08:21 Uhr,27.01.2020,Xetra,423447681,Reiner Zufall,Zufallsweg 3,92847 Zufallsort,MTU Aero Engines,2,90.20 EURO,180.40 EURO
08:21 Uhr,27.01.2020,Xetra,423447681,Reiner Zufall,Zufallsweg 3,92847 Zufallsort,HeidelbergCement,6,84.60 EURO,507.60 EURO
08:21 Uhr,27.01.2020,Xetra,423447681,Reiner Zufall,Zufallsweg 3,92847 Zufallsort,Merck KGaA,7,47.30 EURO,331.10 EURO
08:21 Uhr,27.01.2020,Xetra,423447681,Reiner Zufall,Zufallsweg 3,92847 Zufallsort,Delivery Hero,4,122.20 EURO,488.80 EURO
08:21 Uhr,27.01.2020,Xetra,423447681,Reiner Zufall,Zufallsweg 3,92847 Zufallsort,Bayerische Motoren Werke,3,116.00 EURO,348.00 EURO
08:21 Uhr,27.01.2020,Xetra,423447681,Reiner Zufall,Zufallsweg 3,92847 Zufallsort,Siemens,11,44.10 EURO,485.10 EURO
08:21 Uhr,27.01.2020,Xetra,423447681,Reiner Zufall,Zufallsweg 3,92847 Zufallsort,Volkswagen AG,9,75.50 EURO,679.50 EURO
