Zeit,Datum,Platform,Depot-Nr.,K�ufer,Anschrift-K�ufer,Stadt,Wertpapier Name,Anzahl,Wert,Preis
08:05 Uhr,31.05.2020,Xetra,631682882,Reiner Zufall,Zufallsweg 3,92847 Zufallsort,PayPal,4,47.00 EURO,188.00 EURO
08:05 Uhr,31.05.2020,Xetra,631682882,Reiner Zufall,Zufallsweg 3,92847 Zufallsort,Danaher,5,57.40 EURO,287.00 EURO
08:05 Uhr,31.05.2020,Xetra,631682882,Reiner Zufall,Zufallsweg 3,92847 Zufallsort,Main Street Capital,5,125.30 EURO,626.50 EURO
08:05 Uhr,31.05.2020,Xetra,631682882,Reiner Zufall,Zufallsweg 3,92847 Zufallsort,Stanley Black & Decker,6,57.20 EURO,343.20 EURO
