Zeit,Datum,Platform,Depot-Nr.,K�ufer,Anschrift-K�ufer,Stadt,Wertpapier Name,Anzahl,Wert,Preis
09:34 Uhr,26.10.2020,Xetra,830962287,Reiner Zufall,Zufallsweg 3,92847 Zufallsort,3M,5,108.10 EURO,540.50 EURO
09:34 Uhr,26.10.2020,Xetra,830962287,Reiner Zufall,Zufallsweg 3,92847 Zufallsort,Qualcomm,6,74.20 EURO,445.20 EURO
09:34 Uhr,26.10.2020,Xetra,830962287,Reiner Zufall,Zufallsweg 3,92847 Zufallsort,Stryker,9,92.90 EURO,836.10 EURO
09:34 Uhr,26.10.2020,Xetra,830962287,Reiner Zufall,Zufallsweg 3,92847 Zufallsort,Hercules Capital,3,116.70 EURO,350.10 EURO
09:34 Uhr,26.10.2020,Xetra,830962287,Reiner Zufall,Zufallsweg 3,92847 Zufallsort,Deutsche Fachmarkt AG,3,94.10 EURO,282.30 EURO
09:34 Uhr,26.10.2020,Xetra,830962287,Reiner Zufall,Zufallsweg 3,92847 Zufallsort,AbbVie,2,147.70 EURO,295.40 EURO
09:34 Uhr,26.10.2020,Xetra,830962287,Reiner Zufall,Zufallsweg 3,92847 Zufallsort,International Business Machines,11,57.50 EURO,632.50 EURO
09:34 Uhr,26.10.2020,Xetra,830962287,Reiner Zufall,Zufallsweg 3,92847 Zufallsort,Cisco Systems,3,71.70 EURO,215.10 EURO
09:34 Uhr,26.10.2020,Xetra,830962287,Reiner Zufall,Zufallsweg 3,92847 Zufallsort,BlackRock,7,139.30 EURO,975.10 EURO
09:34 Uhr,26.10.2020,Xetra,830962287,Reiner Zufall,Zufallsweg 3,92847 Zufallsort,LTC Properties,3,105.30 EURO,315.90 EURO
09:34 Uhr,26.10.2020,Xetra,830962287,Reiner Zufall,Zufallsweg 3,92847 Zufallsort,McDonalt's,6,32.70 EURO,196.20 EURO
