Zeit,Datum,Platform,Depot-Nr.,K�ufer,Anschrift-K�ufer,Stadt,Wertpapier Name,Anzahl,Wert,Preis
16:09 Uhr,03.10.2020,Xetra,172738596,Reiner Zufall,Zufallsweg 3,92847 Zufallsort,ServiceNow,11,48.00 EURO,528.00 EURO
16:09 Uhr,03.10.2020,Xetra,172738596,Reiner Zufall,Zufallsweg 3,92847 Zufallsort,Akamai,2,73.90 EURO,147.80 EURO
16:09 Uhr,03.10.2020,Xetra,172738596,Reiner Zufall,Zufallsweg 3,92847 Zufallsort,Digital Realty Trust,2,79.20 EURO,158.40 EURO
16:09 Uhr,03.10.2020,Xetra,172738596,Reiner Zufall,Zufallsweg 3,92847 Zufallsort,PepsiCo,2,114.60 EURO,229.20 EURO
16:09 Uhr,03.10.2020,Xetra,172738596,Reiner Zufall,Zufallsweg 3,92847 Zufallsort,Salesforce,4,56.80 EURO,227.20 EURO
16:09 Uhr,03.10.2020,Xetra,172738596,Reiner Zufall,Zufallsweg 3,92847 Zufallsort,Cloudflare,8,40.40 EURO,323.20 EURO
16:09 Uhr,03.10.2020,Xetra,172738596,Reiner Zufall,Zufallsweg 3,92847 Zufallsort,Veeva Systems,4,124.40 EURO,497.60 EURO
16:09 Uhr,03.10.2020,Xetra,172738596,Reiner Zufall,Zufallsweg 3,92847 Zufallsort,Bechtle AG,11,99.20 EURO,1091.20 EURO
16:09 Uhr,03.10.2020,Xetra,172738596,Reiner Zufall,Zufallsweg 3,92847 Zufallsort,Shopify,11,42.50 EURO,467.50 EURO
16:09 Uhr,03.10.2020,Xetra,172738596,Reiner Zufall,Zufallsweg 3,92847 Zufallsort,Block,8,137.60 EURO,1100.80 EURO
16:09 Uhr,03.10.2020,Xetra,172738596,Reiner Zufall,Zufallsweg 3,92847 Zufallsort,Ares Capital,3,105.00 EURO,315.00 EURO
