Zeit,Datum,Platform,Depot-Nr.,K�ufer,Anschrift-K�ufer,Stadt,Wertpapier Name,Anzahl,Wert,Preis
16:04 Uhr,21.12.2020,Xetra,517213799,Reiner Zufall,Zufallsweg 3,92847 Zufallsort,Amgen,11,128.10 EURO,1409.10 EURO
16:04 Uhr,21.12.2020,Xetra,517213799,Reiner Zufall,Zufallsweg 3,92847 Zufallsort,British American Tobacco,12,38.40 EURO,460.80 EURO
16:04 Uhr,21.12.2020,Xetra,517213799,Reiner Zufall,Zufallsweg 3,92847 Zufallsort,Automatic Data Processing,11,46.30 EURO,509.30 EURO
16:04 Uhr,21.12.2020,Xetra,517213799,Reiner Zufall,Zufallsweg 3,92847 Zufallsort,Realty Income,3,33.00 EURO,99.00 EURO
16:04 Uhr,21.12.2020,Xetra,517213799,Reiner Zufall,Zufallsweg 3,92847 Zufallsort,Walgreens Boots Alliance,12,71.90 EURO,862.80 EURO
16:04 Uhr,21.12.2020,Xetra,517213799,Reiner Zufall,Zufallsweg 3,92847 Zufallsort,JPMorgan Cahse & Co.,2,143.90 EURO,287.80 EURO
16:04 Uhr,21.12.2020,Xetra,517213799,Reiner Zufall,Zufallsweg 3,92847 Zufallsort,3M,8,116.60 EURO,932.80 EURO
16:04 Uhr,21.12.2020,Xetra,517213799,Reiner Zufall,Zufallsweg 3,92847 Zufallsort,Qualcomm,3,114.30 EURO,342.90 EURO
16:04 Uhr,21.12.2020,Xetra,517213799,Reiner Zufall,Zufallsweg 3,92847 Zufallsort,Stryker,12,46.50 EURO,558.00 EURO
16:04 Uhr,21.12.2020,Xetra,517213799,Reiner Zufall,Zufallsweg 3,92847 Zufallsort,Hercules Capital,11,92.80 EURO,1020.80 EURO
