Zeit,Datum,Platform,Depot-Nr.,K�ufer,Anschrift-K�ufer,Stadt,Wertpapier Name,Anzahl,Wert,Preis
11:25 Uhr,20.06.2020,Xetra,683782798,Reiner Zufall,Zufallsweg 3,92847 Zufallsort,Gladstone Commercial,11,128.90 EURO,1417.90 EURO
11:25 Uhr,20.06.2020,Xetra,683782798,Reiner Zufall,Zufallsweg 3,92847 Zufallsort,Broadcom,3,50.50 EURO,151.50 EURO
11:25 Uhr,20.06.2020,Xetra,683782798,Reiner Zufall,Zufallsweg 3,92847 Zufallsort,Amazon,7,34.00 EURO,238.00 EURO
11:25 Uhr,20.06.2020,Xetra,683782798,Reiner Zufall,Zufallsweg 3,92847 Zufallsort,Tyson Foods,3,61.00 EURO,183.00 EURO
11:25 Uhr,20.06.2020,Xetra,683782798,Reiner Zufall,Zufallsweg 3,92847 Zufallsort,Medical Properties Trust,6,47.10 EURO,282.60 EURO
11:25 Uhr,20.06.2020,Xetra,683782798,Reiner Zufall,Zufallsweg 3,92847 Zufallsort,Jack Henry & Associates,5,49.70 EURO,248.50 EURO
11:25 Uhr,20.06.2020,Xetra,683782798,Reiner Zufall,Zufallsweg 3,92847 Zufallsort,Alphabet,3,86.00 EURO,258.00 EURO
11:25 Uhr,20.06.2020,Xetra,683782798,Reiner Zufall,Zufallsweg 3,92847 Zufallsort,W.P. Carey,8,87.00 EURO,696.00 EURO
11:25 Uhr,20.06.2020,Xetra,683782798,Reiner Zufall,Zufallsweg 3,92847 Zufallsort,Nike,12,76.90 EURO,922.80 EURO
11:25 Uhr,20.06.2020,Xetra,683782798,Reiner Zufall,Zufallsweg 3,92847 Zufallsort,Nasdaq Inc.,9,57.40 EURO,516.60 EURO
11:25 Uhr,20.06.2020,Xetra,683782798,Reiner Zufall,Zufallsweg 3,92847 Zufallsort,Etsy,5,111.70 EURO,558.50 EURO
